name.firstName,name.lastName,age,address.line1,address.city,address.state
John,Johnson,42,8131 Pine Rd,Miami,FL
Ava,Doe,72,524 Elm St,Boston,MA
Ava,Miller,70,3650 Pine Rd,Austin,TX
Alex,Garcia,68,8529 Sunset Blvd,Miami,FL
Mia,Johnson,38,894 Sunset Blvd,Boston,MA
Alex,Smith,75,7865 Sunset Blvd,Los Angeles,CA
John,Wilson,70,2129 Pine Rd,New York,NY
Mia,Williams,68,1368 Elm St,San Francisco,CA
Oliver,Brown,21,1293 Elm St,Austin,TX
Mia,Miller,34,545 Sunset Blvd,Seattle,WA
Emma,Brown,32,7035 Pine Rd,Los Angeles,CA
John,Moore,39,34 Oak Ave,Chicago,IL
Ava,Wilson,31,3788 Elm St,New York,NY
Mia,Doe,68,3055 Elm St,Boston,MA
Alex,Garcia,50,9968 Pine Rd,Denver,CO
John,Doe,14,2784 Sunset Blvd,Austin,TX
Oliver,Moore,11,8350 Elm St,Austin,TX
Jane,Smith,69,909 Elm St,San Diego,CA
Jane,Davis,66,874 Sunset Blvd,Boston,MA
Ava,Johnson,81,6071 Oak Ave,San Francisco,CA
Jane,Doe,65,7538 Elm St,Denver,CO
Liam,Williams,26,9023 Pine Rd,Chicago,IL
Jacob,Wilson,28,3725 Elm St,Denver,CO
Alex,Miller,87,8234 Elm St,New York,NY
Liam,Johnson,54,5990 Oak Ave,Seattle,WA
Jane,Wilson,73,7601 Sunset Blvd,Denver,CO
Liam,Wilson,62,9102 Pine Rd,Denver,CO
Jacob,Wilson,72,4952 Oak Ave,Denver,CO
John,Miller,21,526 Pine Rd,Los Angeles,CA
Ava,Smith,54,2972 Pine Rd,Austin,TX
Jacob,Miller,52,4396 Sunset Blvd,Denver,CO
Oliver,Miller,36,9694 Pine Rd,Seattle,WA
Oliver,Williams,30,2274 Oak Ave,Boston,MA
Jane,Doe,82,5085 Elm St,Denver,CO
Liam,Davis,77,4075 Pine Rd,Austin,TX
Liam,Johnson,78,9963 Oak Ave,Austin,TX
Jane,Wilson,36,7803 Oak Ave,Chicago,IL
Emma,Garcia,31,7032 Pine Rd,Miami,FL
Sophia,Davis,25,7214 Sunset Blvd,San Diego,CA
Ava,Garcia,68,2151 Sunset Blvd,Seattle,WA
Ava,Davis,77,5389 Oak Ave,Los Angeles,CA
Oliver,Williams,49,4110 Elm St,San Francisco,CA
Sophia,Miller,67,8880 Oak Ave,Boston,MA
Jacob,Smith,67,6649 Oak Ave,Miami,FL
Mia,Doe,50,2101 Sunset Blvd,Boston,MA
Jane,Smith,24,4178 Pine Rd,New York,NY
Sophia,Smith,20,5216 Pine Rd,New York,NY
Oliver,Williams,64,1132 Pine Rd,San Francisco,CA
Alex,Miller,53,8863 Elm St,New York,NY
John,Doe,62,2100 Oak Ave,San Francisco,CA
Jacob,Williams,12,2947 Oak Ave,Seattle,WA
Alex,Miller,55,6603 Elm St,Los Angeles,CA
Mia,Garcia,32,3897 Pine Rd,Denver,CO
Jacob,Davis,56,658 Pine Rd,Los Angeles,CA
Ava,Brown,77,9937 Sunset Blvd,San Francisco,CA
Oliver,Johnson,54,18 Elm St,Seattle,WA
Mia,Johnson,78,7979 Pine Rd,Denver,CO
Liam,Brown,34,6670 Pine Rd,San Diego,CA
Emma,Moore,11,3523 Pine Rd,Austin,TX
John,Garcia,14,5557 Oak Ave,New York,NY
Jacob,Miller,49,8975 Sunset Blvd,Austin,TX
Sophia,Johnson,90,6964 Elm St,Miami,FL
Emma,Brown,37,1366 Sunset Blvd,Miami,FL
Liam,Garcia,86,7227 Elm St,Miami,FL
John,Wilson,53,738 Pine Rd,Miami,FL
Oliver,Smith,90,3733 Oak Ave,Seattle,WA
Jacob,Johnson,89,3504 Pine Rd,Seattle,WA
Oliver,Brown,79,471 Elm St,Miami,FL
Jacob,Johnson,76,5650 Sunset Blvd,New York,NY
Mia,Moore,87,9661 Elm St,Austin,TX
Ava,Garcia,53,7928 Pine Rd,New York,NY
Jane,Doe,75,7855 Pine Rd,San Diego,CA
Liam,Johnson,24,3239 Sunset Blvd,Miami,FL
Mia,Wilson,54,5126 Pine Rd,Los Angeles,CA
Emma,Williams,89,7596 Pine Rd,Miami,FL
Oliver,Johnson,44,8001 Pine Rd,Seattle,WA
Sophia,Smith,72,2196 Sunset Blvd,Denver,CO
Jacob,Smith,66,2420 Pine Rd,New York,NY
Oliver,Johnson,33,8354 Elm St,New York,NY
John,Wilson,78,6360 Elm St,Austin,TX
Ava,Brown,14,8434 Oak Ave,San Francisco,CA
Jane,Garcia,27,6069 Oak Ave,Chicago,IL
Sophia,Johnson,12,8246 Pine Rd,Austin,TX
Jacob,Wilson,57,3100 Pine Rd,Seattle,WA
Liam,Miller,75,4882 Oak Ave,Austin,TX
Jane,Davis,79,8241 Elm St,San Diego,CA
Jacob,Garcia,71,6709 Sunset Blvd,Los Angeles,CA
Ava,Doe,53,3606 Elm St,Austin,TX
Mia,Brown,73,7331 Sunset Blvd,San Diego,CA
Jane,Moore,50,7817 Sunset Blvd,Boston,MA
Sophia,Wilson,58,8030 Pine Rd,Chicago,IL
Sophia,Brown,22,6728 Pine Rd,Denver,CO
Liam,Davis,83,4848 Pine Rd,New York,NY
Alex,Williams,41,9414 Oak Ave,Austin,TX
Ava,Garcia,61,6252 Elm St,Austin,TX
Sophia,Wilson,81,6845 Sunset Blvd,New York,NY
Oliver,Johnson,25,272 Pine Rd,Los Angeles,CA
John,Davis,71,2812 Pine Rd,Seattle,WA
Sophia,Brown,71,7260 Pine Rd,Austin,TX
Emma,Moore,11,6513 Pine Rd,Austin,TX
Emma,Smith,18,5536 Pine Rd,Denver,CO
Emma,Doe,74,9219 Elm St,San Francisco,CA
Alex,Wilson,62,7455 Sunset Blvd,Austin,TX
Emma,Williams,76,7850 Elm St,Denver,CO
Ava,Miller,32,8218 Elm St,Los Angeles,CA
Emma,Davis,77,7047 Oak Ave,Seattle,WA
Jacob,Wilson,67,829 Pine Rd,Boston,MA
Emma,Doe,71,9124 Oak Ave,Los Angeles,CA
Emma,Williams,79,8910 Sunset Blvd,Chicago,IL
Mia,Doe,68,6635 Pine Rd,San Francisco,CA
Mia,Miller,32,9746 Oak Ave,Seattle,WA
Mia,Davis,43,3413 Sunset Blvd,San Francisco,CA
Oliver,Miller,73,7288 Pine Rd,San Diego,CA
Jacob,Smith,17,8574 Sunset Blvd,Denver,CO
Alex,Moore,78,8016 Sunset Blvd,Seattle,WA
Jacob,Brown,46,8097 Pine Rd,Seattle,WA
Jacob,Williams,34,4058 Oak Ave,Los Angeles,CA
Sophia,Smith,81,5595 Sunset Blvd,Los Angeles,CA
Liam,Williams,10,8670 Oak Ave,New York,NY
Alex,Johnson,56,8274 Pine Rd,Miami,FL
Oliver,Wilson,70,8634 Pine Rd,Austin,TX
Mia,Moore,87,5365 Sunset Blvd,Los Angeles,CA
Liam,Miller,19,1820 Oak Ave,San Diego,CA
John,Doe,25,2454 Oak Ave,New York,NY
Emma,Doe,32,7084 Oak Ave,Denver,CO
Mia,Miller,80,7414 Pine Rd,Miami,FL
Oliver,Garcia,75,9208 Pine Rd,New York,NY
Jacob,Moore,75,3770 Oak Ave,New York,NY
Jacob,Brown,47,5999 Oak Ave,New York,NY
Jacob,Wilson,64,2476 Pine Rd,San Francisco,CA
Jane,Miller,60,5947 Pine Rd,Miami,FL
Alex,Doe,85,6151 Sunset Blvd,San Diego,CA
John,Miller,64,6770 Sunset Blvd,Denver,CO
Ava,Moore,34,395 Oak Ave,Boston,MA
Liam,Doe,56,8193 Sunset Blvd,San Francisco,CA
Ava,Moore,27,7575 Sunset Blvd,New York,NY
Mia,Davis,83,4875 Oak Ave,New York,NY
Oliver,Johnson,46,1377 Pine Rd,Denver,CO
John,Smith,26,242 Elm St,New York,NY
Sophia,Doe,78,9780 Oak Ave,New York,NY
Alex,Davis,28,1124 Sunset Blvd,New York,NY
Liam,Wilson,78,7443 Sunset Blvd,Denver,CO
Sophia,Moore,80,2906 Pine Rd,Miami,FL
Alex,Miller,81,242 Oak Ave,Miami,FL
Jane,Johnson,32,7679 Elm St,Denver,CO
Alex,Williams,49,6533 Oak Ave,Seattle,WA
Jacob,Moore,17,9281 Elm St,Boston,MA
John,Davis,77,8634 Oak Ave,San Francisco,CA
Sophia,Williams,25,1892 Pine Rd,San Francisco,CA
John,Wilson,45,3422 Elm St,Seattle,WA
Jacob,Garcia,64,8518 Elm St,Los Angeles,CA
Alex,Miller,32,2576 Oak Ave,Austin,TX
Jacob,Davis,38,9094 Sunset Blvd,San Francisco,CA
Sophia,Miller,17,3165 Oak Ave,San Diego,CA
Ava,Moore,75,2868 Oak Ave,Boston,MA
Oliver,Miller,73,1234 Sunset Blvd,San Diego,CA
Liam,Johnson,32,8658 Elm St,San Francisco,CA
Jane,Doe,20,185 Pine Rd,San Francisco,CA
John,Williams,66,5466 Sunset Blvd,Boston,MA
Liam,Williams,85,6045 Pine Rd,San Diego,CA
Jane,Williams,22,2705 Pine Rd,Chicago,IL
Jacob,Williams,68,193 Elm St,Los Angeles,CA
Liam,Johnson,47,1096 Oak Ave,Los Angeles,CA
Emma,Davis,55,8155 Sunset Blvd,Miami,FL
Mia,Moore,13,996 Sunset Blvd,Los Angeles,CA
Liam,Davis,77,8342 Elm St,New York,NY
Ava,Garcia,39,7150 Sunset Blvd,Los Angeles,CA
Jacob,Brown,38,5965 Elm St,Boston,MA
Ava,Davis,44,4519 Sunset Blvd,New York,NY
Ava,Doe,81,4457 Elm St,Seattle,WA
Liam,Wilson,30,9759 Pine Rd,Austin,TX
Emma,Doe,34,9170 Sunset Blvd,Austin,TX
Jane,Garcia,32,8656 Pine Rd,Chicago,IL
Sophia,Johnson,26,3237 Oak Ave,Boston,MA
Liam,Garcia,71,9040 Sunset Blvd,Seattle,WA
Liam,Johnson,57,3331 Oak Ave,Boston,MA
Mia,Brown,59,1289 Sunset Blvd,Austin,TX
Sophia,Smith,17,1232 Elm St,Miami,FL
John,Brown,34,2675 Sunset Blvd,Miami,FL
Mia,Brown,47,1424 Sunset Blvd,Seattle,WA
Jacob,Doe,84,6392 Elm St,Chicago,IL
Alex,Johnson,55,5094 Sunset Blvd,Chicago,IL
Alex,Johnson,60,5330 Elm St,Seattle,WA
Liam,Brown,46,2232 Elm St,Seattle,WA
Emma,Moore,87,7929 Pine Rd,Austin,TX
Mia,Garcia,68,668 Sunset Blvd,Chicago,IL
Sophia,Davis,80,1379 Sunset Blvd,San Francisco,CA
Jacob,Moore,74,3314 Oak Ave,Chicago,IL
Emma,Davis,63,6231 Oak Ave,Miami,FL
Mia,Brown,65,597 Sunset Blvd,Miami,FL
Oliver,Johnson,31,9661 Oak Ave,Denver,CO
Alex,Davis,42,8019 Pine Rd,Miami,FL
Sophia,Moore,73,2558 Pine Rd,Seattle,WA
Alex,Moore,45,8407 Pine Rd,San Francisco,CA
Ava,Johnson,50,9854 Sunset Blvd,Los Angeles,CA
Oliver,Moore,61,6282 Oak Ave,New York,NY
John,Johnson,47,7980 Pine Rd,Austin,TX
Jacob,Garcia,27,1122 Elm St,New York,NY
Mia,Davis,44,1088 Elm St,Austin,TX
Alex,Smith,22,8172 Pine Rd,Los Angeles,CA
Alex,Moore,10,55 Sunset Blvd,Denver,CO
John,Smith,17,2008 Pine Rd,Seattle,WA
Ava,Wilson,57,1539 Oak Ave,San Francisco,CA
John,Johnson,39,1718 Sunset Blvd,San Francisco,CA
Jane,Garcia,17,7126 Sunset Blvd,New York,NY
Jane,Miller,66,6806 Elm St,Los Angeles,CA
Oliver,Davis,37,9437 Elm St,Denver,CO
Mia,Smith,33,8115 Pine Rd,Chicago,IL
John,Williams,15,9160 Elm St,Miami,FL
Liam,Wilson,14,4772 Elm St,San Francisco,CA
Jacob,Miller,76,5414 Oak Ave,Chicago,IL
Sophia,Johnson,17,8926 Pine Rd,San Francisco,CA
Sophia,Williams,41,4255 Oak Ave,Denver,CO
Ava,Miller,78,1684 Pine Rd,Austin,TX
Alex,Brown,47,5640 Elm St,San Francisco,CA
Sophia,Garcia,74,7595 Oak Ave,Boston,MA
Ava,Johnson,45,2315 Elm St,New York,NY
Jane,Miller,80,4668 Oak Ave,Miami,FL
Jacob,Davis,17,3213 Sunset Blvd,Denver,CO
Mia,Davis,16,7709 Elm St,Seattle,WA
Oliver,Williams,81,6819 Sunset Blvd,Miami,FL
Liam,Brown,33,8760 Oak Ave,Chicago,IL
Liam,Smith,37,6634 Pine Rd,Boston,MA
Jacob,Johnson,76,4291 Pine Rd,Boston,MA
Emma,Doe,20,8815 Pine Rd,Seattle,WA
Liam,Miller,73,7986 Sunset Blvd,Austin,TX
Liam,Smith,20,7113 Sunset Blvd,San Francisco,CA
Alex,Wilson,74,9351 Sunset Blvd,Denver,CO
Mia,Miller,74,4448 Pine Rd,Boston,MA
Jane,Moore,68,6908 Pine Rd,Austin,TX
Jane,Doe,12,5502 Pine Rd,San Diego,CA
Liam,Doe,15,2523 Elm St,Boston,MA
John,Williams,62,3150 Sunset Blvd,Chicago,IL
Liam,Miller,57,1055 Sunset Blvd,Denver,CO
Alex,Miller,53,157 Pine Rd,Chicago,IL
Jacob,Davis,39,3259 Pine Rd,New York,NY
John,Smith,85,1053 Pine Rd,San Diego,CA
Mia,Brown,20,2167 Sunset Blvd,Denver,CO
Oliver,Moore,21,3998 Sunset Blvd,Los Angeles,CA
Jacob,Brown,64,6173 Oak Ave,Denver,CO
Emma,Smith,34,4919 Sunset Blvd,Denver,CO
Ava,Johnson,71,906 Pine Rd,San Francisco,CA
Emma,Wilson,60,2723 Pine Rd,Denver,CO
Oliver,Smith,36,7003 Elm St,Denver,CO
Sophia,Wilson,85,8562 Sunset Blvd,Denver,CO
Jacob,Johnson,65,8920 Elm St,Seattle,WA
Mia,Doe,51,1743 Sunset Blvd,New York,NY
Jacob,Garcia,62,1860 Sunset Blvd,San Diego,CA
Ava,Doe,81,6703 Sunset Blvd,Chicago,IL
Mia,Brown,84,7587 Oak Ave,Boston,MA
Ava,Brown,80,6102 Pine Rd,San Francisco,CA
Jacob,Davis,45,4344 Oak Ave,Boston,MA
Sophia,Garcia,55,6949 Oak Ave,San Diego,CA
John,Doe,35,3119 Elm St,San Diego,CA
John,Smith,12,4152 Oak Ave,Seattle,WA
Emma,Johnson,60,9878 Pine Rd,Denver,CO
Jane,Brown,55,357 Oak Ave,Denver,CO
Jane,Brown,25,4519 Elm St,San Francisco,CA
Sophia,Williams,40,6294 Oak Ave,Chicago,IL
Oliver,Wilson,67,9535 Pine Rd,Austin,TX
John,Doe,15,2421 Elm St,Denver,CO
Emma,Johnson,48,1716 Oak Ave,Seattle,WA
Alex,Doe,71,9925 Elm St,Boston,MA
Mia,Wilson,65,8784 Pine Rd,Denver,CO
Jacob,Brown,18,6653 Pine Rd,Denver,CO
Emma,Davis,47,8101 Elm St,Denver,CO
Emma,Wilson,72,7998 Pine Rd,Chicago,IL
Jane,Williams,35,7192 Pine Rd,Boston,MA
Mia,Williams,66,1023 Sunset Blvd,New York,NY
Alex,Moore,72,5558 Elm St,Denver,CO
Emma,Moore,41,91 Sunset Blvd,Chicago,IL
Oliver,Smith,69,8329 Oak Ave,New York,NY
Liam,Miller,16,9755 Oak Ave,San Diego,CA
Ava,Johnson,41,2355 Oak Ave,Chicago,IL
Sophia,Brown,17,6789 Oak Ave,San Francisco,CA
Emma,Moore,67,6342 Sunset Blvd,San Francisco,CA
Oliver,Miller,59,9962 Sunset Blvd,Denver,CO
Oliver,Wilson,52,5558 Elm St,Chicago,IL
Sophia,Williams,69,2896 Elm St,New York,NY
Liam,Moore,90,2829 Oak Ave,Los Angeles,CA
Jacob,Wilson,30,3932 Elm St,New York,NY
Oliver,Wilson,88,9156 Oak Ave,Chicago,IL
Oliver,Williams,25,5841 Elm St,San Francisco,CA
Ava,Moore,32,1165 Oak Ave,New York,NY
Jane,Miller,29,7618 Oak Ave,San Francisco,CA
Emma,Garcia,59,7719 Sunset Blvd,Austin,TX
Emma,Davis,69,298 Sunset Blvd,Boston,MA
Sophia,Davis,72,7085 Elm St,Denver,CO
Liam,Williams,37,9344 Elm St,San Francisco,CA
John,Moore,83,8556 Pine Rd,Chicago,IL
Jane,Wilson,78,6836 Sunset Blvd,Chicago,IL
Sophia,Smith,76,9670 Oak Ave,Boston,MA
Alex,Doe,19,2346 Sunset Blvd,San Diego,CA
Emma,Miller,58,4016 Oak Ave,Austin,TX
Oliver,Williams,13,4287 Sunset Blvd,Austin,TX
Jane,Williams,84,7668 Oak Ave,Chicago,IL
Oliver,Moore,57,6237 Sunset Blvd,New York,NY
Jacob,Johnson,21,2923 Pine Rd,Los Angeles,CA
Oliver,Miller,34,3211 Elm St,Chicago,IL
Liam,Davis,73,261 Sunset Blvd,Seattle,WA
Ava,Wilson,46,2460 Oak Ave,Boston,MA
Jacob,Smith,12,8198 Elm St,Miami,FL
Alex,Smith,70,96 Oak Ave,Austin,TX
Jane,Johnson,48,4031 Elm St,Austin,TX
Emma,Brown,19,7547 Elm St,Denver,CO
Ava,Moore,29,6438 Pine Rd,Seattle,WA
Jane,Johnson,62,4833 Elm St,San Francisco,CA
Ava,Brown,73,2664 Pine Rd,Chicago,IL
Oliver,Brown,78,461 Sunset Blvd,Los Angeles,CA
John,Garcia,22,4245 Pine Rd,Chicago,IL
Sophia,Doe,10,9991 Sunset Blvd,Austin,TX
Ava,Wilson,40,3395 Pine Rd,Seattle,WA
Jacob,Moore,50,8557 Elm St,Seattle,WA
Ava,Miller,50,9241 Oak Ave,New York,NY
John,Moore,47,3987 Oak Ave,Austin,TX
Emma,Smith,46,2195 Pine Rd,Seattle,WA
Emma,Williams,89,2622 Pine Rd,Chicago,IL
Mia,Williams,53,6235 Elm St,Chicago,IL
Jane,Miller,74,2078 Sunset Blvd,Denver,CO
Jacob,Doe,45,5227 Elm St,San Diego,CA
Jacob,Garcia,48,6926 Pine Rd,Denver,CO
Emma,Davis,56,1177 Pine Rd,Miami,FL
Emma,Miller,33,7723 Sunset Blvd,Los Angeles,CA
Ava,Smith,17,6363 Sunset Blvd,Los Angeles,CA
Alex,Moore,35,251 Sunset Blvd,Los Angeles,CA
Sophia,Williams,27,7459 Elm St,Austin,TX
Alex,Wilson,52,2071 Oak Ave,Seattle,WA
Sophia,Williams,87,8261 Sunset Blvd,Boston,MA
Liam,Wilson,24,4616 Oak Ave,Boston,MA
Sophia,Moore,52,8522 Oak Ave,Denver,CO
Ava,Davis,28,8103 Pine Rd,New York,NY
Ava,Smith,47,2460 Pine Rd,Miami,FL
Liam,Wilson,54,4288 Sunset Blvd,New York,NY
Jane,Williams,68,8309 Oak Ave,Miami,FL
Sophia,Wilson,87,8184 Sunset Blvd,Denver,CO
Oliver,Davis,31,6777 Pine Rd,Seattle,WA
Oliver,Wilson,78,223 Oak Ave,Los Angeles,CA
Mia,Smith,28,6658 Pine Rd,Seattle,WA
Jacob,Moore,54,9179 Sunset Blvd,Los Angeles,CA
Liam,Moore,55,8990 Oak Ave,New York,NY
Oliver,Williams,26,4492 Oak Ave,San Diego,CA
John,Wilson,49,1110 Sunset Blvd,Austin,TX
Jane,Doe,11,6408 Sunset Blvd,San Francisco,CA
Jacob,Davis,39,2044 Oak Ave,Boston,MA
Jane,Smith,57,3724 Elm St,Boston,MA
Emma,Smith,54,6075 Elm St,Boston,MA
Jane,Garcia,79,9778 Elm St,San Francisco,CA
Jacob,Brown,61,948 Sunset Blvd,New York,NY
Jacob,Davis,44,1911 Oak Ave,New York,NY
Jane,Johnson,29,21 Pine Rd,San Diego,CA
Emma,Doe,52,8030 Sunset Blvd,Los Angeles,CA
Alex,Williams,26,3381 Sunset Blvd,Miami,FL
Jacob,Doe,28,6283 Oak Ave,Miami,FL
John,Smith,56,920 Elm St,Austin,TX
Mia,Wilson,18,1848 Oak Ave,Los Angeles,CA
John,Johnson,65,6993 Oak Ave,Denver,CO
Ava,Doe,86,6100 Oak Ave,Los Angeles,CA
Liam,Doe,57,4508 Oak Ave,San Diego,CA
Alex,Garcia,42,6212 Pine Rd,Chicago,IL
Liam,Williams,28,8541 Pine Rd,Seattle,WA
Jacob,Smith,14,9842 Oak Ave,San Diego,CA
Emma,Garcia,30,8685 Pine Rd,Austin,TX
Mia,Miller,44,9752 Oak Ave,Denver,CO
Alex,Davis,45,9132 Elm St,Chicago,IL
Alex,Wilson,13,4387 Elm St,Denver,CO
Ava,Williams,51,1566 Oak Ave,Los Angeles,CA
Mia,Miller,55,7580 Pine Rd,New York,NY
Emma,Smith,20,325 Sunset Blvd,Boston,MA
Mia,Doe,90,6755 Elm St,Boston,MA
John,Garcia,32,5705 Pine Rd,Denver,CO
John,Miller,89,9702 Pine Rd,Seattle,WA
Oliver,Brown,21,1746 Oak Ave,Austin,TX
Jacob,Moore,60,4614 Pine Rd,Seattle,WA
Alex,Doe,38,7834 Elm St,Denver,CO
John,Garcia,45,3667 Sunset Blvd,San Francisco,CA
Liam,Davis,90,2921 Sunset Blvd,Chicago,IL
Ava,Doe,19,9825 Oak Ave,Boston,MA
Sophia,Garcia,71,2486 Oak Ave,Boston,MA
Liam,Moore,10,4695 Oak Ave,Chicago,IL
Liam,Doe,16,2073 Pine Rd,Denver,CO
John,Smith,50,9813 Pine Rd,Chicago,IL
Jane,Johnson,64,4035 Pine Rd,Seattle,WA
Oliver,Garcia,77,8617 Sunset Blvd,San Francisco,CA
Ava,Doe,56,4235 Elm St,Miami,FL
Alex,Williams,13,4047 Pine Rd,San Francisco,CA
Liam,Williams,35,8199 Pine Rd,Chicago,IL
Ava,Doe,35,3995 Oak Ave,New York,NY
Mia,Doe,79,6069 Pine Rd,Boston,MA
John,Moore,41,4449 Oak Ave,Los Angeles,CA
Ava,Johnson,69,7708 Oak Ave,San Francisco,CA
Emma,Garcia,23,7184 Elm St,Denver,CO
Mia,Brown,42,434 Sunset Blvd,Denver,CO
Liam,Davis,88,8793 Oak Ave,Chicago,IL
Liam,Doe,24,1183 Elm St,Seattle,WA
Emma,Garcia,35,8957 Elm St,San Diego,CA
Sophia,Miller,50,1128 Elm St,Seattle,WA
Ava,Davis,29,6645 Pine Rd,Seattle,WA
Jacob,Wilson,21,8799 Sunset Blvd,San Francisco,CA
Sophia,Garcia,67,7830 Pine Rd,San Francisco,CA
Emma,Moore,65,7116 Pine Rd,San Diego,CA
Jacob,Miller,11,3023 Pine Rd,New York,NY
Sophia,Garcia,27,2569 Pine Rd,Miami,FL
Ava,Garcia,62,1230 Pine Rd,Boston,MA
Alex,Johnson,31,8662 Elm St,San Diego,CA
Sophia,Brown,31,4064 Oak Ave,Los Angeles,CA
Ava,Garcia,44,5754 Elm St,Chicago,IL
Liam,Doe,54,61 Elm St,Denver,CO
John,Miller,41,9597 Oak Ave,Denver,CO
Sophia,Smith,81,4917 Oak Ave,Miami,FL
Alex,Miller,69,5462 Sunset Blvd,Chicago,IL
John,Williams,38,3952 Elm St,Miami,FL
Sophia,Williams,10,3695 Sunset Blvd,San Francisco,CA
Ava,Johnson,45,4229 Sunset Blvd,Chicago,IL
Jane,Miller,48,1162 Elm St,Seattle,WA
Sophia,Smith,73,7987 Sunset Blvd,Miami,FL
Oliver,Doe,86,3299 Oak Ave,San Diego,CA
Ava,Williams,25,2363 Elm St,Denver,CO
Emma,Garcia,83,1874 Sunset Blvd,New York,NY
Mia,Miller,29,2374 Oak Ave,Austin,TX
Liam,Moore,45,5024 Oak Ave,Denver,CO
Jane,Johnson,63,2719 Elm St,Los Angeles,CA
Alex,Johnson,66,4938 Sunset Blvd,Miami,FL
Sophia,Smith,51,4017 Oak Ave,Miami,FL
Mia,Smith,33,9750 Sunset Blvd,San Diego,CA
Jane,Wilson,51,5420 Pine Rd,Los Angeles,CA
John,Miller,35,9357 Elm St,Miami,FL
Oliver,Williams,33,2019 Sunset Blvd,Miami,FL
Mia,Davis,40,6224 Oak Ave,Los Angeles,CA
Jane,Miller,34,4210 Oak Ave,New York,NY
Alex,Miller,22,9595 Sunset Blvd,Los Angeles,CA
Jane,Smith,84,6677 Elm St,Boston,MA
John,Miller,75,1737 Oak Ave,Los Angeles,CA
Oliver,Williams,12,4248 Elm St,Denver,CO
Emma,Doe,66,1659 Elm St,Los Angeles,CA
Mia,Williams,31,3682 Elm St,Los Angeles,CA
Ava,Johnson,76,5560 Oak Ave,New York,NY
Mia,Wilson,52,6742 Oak Ave,New York,NY
Mia,Doe,83,2218 Pine Rd,San Diego,CA
Sophia,Moore,77,7956 Sunset Blvd,New York,NY
Oliver,Brown,76,6814 Pine Rd,New York,NY
Alex,Williams,41,4845 Pine Rd,Boston,MA
Jacob,Smith,68,5282 Elm St,San Diego,CA
Liam,Doe,12,4390 Elm St,San Francisco,CA
Sophia,Garcia,89,3286 Sunset Blvd,Los Angeles,CA
John,Brown,21,1523 Sunset Blvd,Los Angeles,CA
Jacob,Moore,26,2127 Elm St,Denver,CO
Ava,Miller,12,483 Pine Rd,San Francisco,CA
Jacob,Moore,63,4615 Elm St,New York,NY
Sophia,Johnson,45,9630 Pine Rd,Boston,MA
John,Miller,70,9924 Elm St,Denver,CO
Jane,Garcia,71,5589 Sunset Blvd,New York,NY
Mia,Johnson,20,8657 Oak Ave,San Francisco,CA
Oliver,Brown,84,3811 Oak Ave,New York,NY
Oliver,Johnson,44,9209 Sunset Blvd,Austin,TX
Sophia,Doe,56,1567 Oak Ave,Seattle,WA
Liam,Miller,49,6466 Elm St,San Diego,CA
Emma,Davis,67,6830 Elm St,Miami,FL
Sophia,Smith,19,2677 Sunset Blvd,Austin,TX
Oliver,Garcia,54,3107 Elm St,Chicago,IL
Liam,Johnson,90,8839 Elm St,Chicago,IL
Emma,Garcia,17,3054 Oak Ave,New York,NY
Sophia,Wilson,13,3276 Sunset Blvd,San Diego,CA
Jacob,Miller,67,3040 Elm St,Chicago,IL
Oliver,Brown,65,5253 Pine Rd,Denver,CO
Emma,Doe,83,7394 Sunset Blvd,Austin,TX
Liam,Garcia,18,1284 Oak Ave,Seattle,WA
John,Wilson,46,4994 Oak Ave,Miami,FL
Liam,Miller,56,212 Sunset Blvd,Seattle,WA
Liam,Williams,46,5557 Elm St,Miami,FL
Alex,Doe,86,207 Pine Rd,San Diego,CA
John,Garcia,44,1432 Elm St,Seattle,WA
Ava,Garcia,20,8714 Elm St,Miami,FL
Alex,Wilson,45,4658 Sunset Blvd,Chicago,IL
John,Doe,21,4598 Pine Rd,Austin,TX
Sophia,Davis,57,835 Elm St,New York,NY
Liam,Smith,29,6236 Sunset Blvd,San Diego,CA
Jacob,Johnson,69,7177 Elm St,San Diego,CA
Mia,Johnson,73,4885 Oak Ave,Los Angeles,CA
Mia,Doe,39,8768 Oak Ave,Miami,FL
Jane,Davis,48,4795 Elm St,Miami,FL
Alex,Williams,15,5802 Oak Ave,Los Angeles,CA
Oliver,Miller,42,297 Sunset Blvd,Denver,CO
Jane,Doe,54,4260 Oak Ave,Miami,FL
Oliver,Smith,61,2549 Sunset Blvd,Chicago,IL
Alex,Miller,56,2524 Sunset Blvd,San Francisco,CA
Ava,Brown,43,7173 Oak Ave,San Diego,CA
John,Williams,65,403 Oak Ave,Miami,FL
Liam,Johnson,68,6854 Elm St,Boston,MA
Mia,Williams,21,33 Elm St,San Diego,CA
Jacob,Miller,79,6709 Elm St,San Diego,CA
Ava,Williams,69,9599 Pine Rd,San Diego,CA
Jacob,Doe,58,6082 Elm St,Boston,MA
Mia,Brown,63,2986 Pine Rd,Seattle,WA
John,Williams,33,7013 Elm St,Chicago,IL
John,Doe,45,1108 Sunset Blvd,Boston,MA
Mia,Smith,73,5660 Pine Rd,Denver,CO
Ava,Williams,46,5564 Oak Ave,Los Angeles,CA
Emma,Doe,19,6874 Sunset Blvd,Miami,FL
Liam,Davis,42,7300 Oak Ave,San Francisco,CA
Oliver,Garcia,11,3922 Sunset Blvd,Denver,CO
Mia,Williams,20,9857 Elm St,San Francisco,CA
Ava,Smith,75,7949 Oak Ave,Denver,CO
John,Moore,37,385 Oak Ave,Austin,TX
John,Williams,12,1144 Pine Rd,New York,NY
Ava,Johnson,81,6642 Elm St,Los Angeles,CA
Emma,Brown,69,3670 Elm St,New York,NY
Sophia,Davis,25,9670 Elm St,San Francisco,CA
Oliver,Miller,71,9339 Pine Rd,San Diego,CA
Sophia,Moore,84,2415 Sunset Blvd,Seattle,WA
John,Moore,84,8219 Pine Rd,New York,NY
John,Miller,18,7980 Pine Rd,Boston,MA
Jacob,Williams,19,7252 Sunset Blvd,San Diego,CA
Liam,Miller,20,6703 Elm St,Los Angeles,CA
Ava,Garcia,56,3808 Elm St,Austin,TX
Ava,Williams,87,8710 Elm St,Miami,FL
Liam,Brown,46,2799 Sunset Blvd,Los Angeles,CA
Liam,Miller,20,3495 Sunset Blvd,San Francisco,CA
Alex,Wilson,10,4104 Sunset Blvd,Austin,TX
Ava,Garcia,47,9804 Elm St,Chicago,IL
Sophia,Doe,62,2027 Pine Rd,New York,NY
John,Miller,65,9770 Sunset Blvd,Austin,TX
Emma,Garcia,85,2496 Sunset Blvd,Denver,CO
Oliver,Johnson,24,7706 Oak Ave,Austin,TX
Mia,Doe,80,5212 Sunset Blvd,Miami,FL
John,Wilson,23,8755 Oak Ave,San Francisco,CA
Jane,Williams,31,3169 Oak Ave,San Francisco,CA
Jane,Moore,52,4051 Pine Rd,Austin,TX
Mia,Johnson,21,4213 Pine Rd,Seattle,WA
Ava,Johnson,81,4078 Oak Ave,Los Angeles,CA
Emma,Brown,21,6181 Sunset Blvd,Austin,TX
Emma,Davis,42,6401 Sunset Blvd,Chicago,IL
Emma,Garcia,47,7622 Oak Ave,New York,NY
Liam,Brown,35,4549 Sunset Blvd,Miami,FL
Emma,Garcia,79,193 Pine Rd,San Diego,CA
John,Miller,42,3183 Oak Ave,Chicago,IL
Jane,Brown,40,3640 Elm St,San Francisco,CA
Jacob,Garcia,71,6044 Oak Ave,San Francisco,CA
Alex,Moore,86,9890 Pine Rd,Los Angeles,CA
Sophia,Brown,67,7360 Pine Rd,New York,NY
Sophia,Davis,35,5509 Elm St,Boston,MA
Emma,Johnson,31,6127 Oak Ave,Miami,FL
Mia,Moore,62,8334 Oak Ave,Chicago,IL
Ava,Johnson,38,1508 Pine Rd,Miami,FL
Jane,Brown,69,9568 Pine Rd,New York,NY
Jacob,Davis,28,9432 Sunset Blvd,Boston,MA
Alex,Doe,44,3555 Elm St,Seattle,WA
Jacob,Doe,87,2409 Sunset Blvd,Seattle,WA
Jacob,Doe,39,9956 Elm St,Austin,TX
Oliver,Wilson,24,9694 Elm St,Boston,MA
Jacob,Miller,62,9696 Sunset Blvd,Seattle,WA
John,Brown,22,5355 Pine Rd,Denver,CO
Ava,Brown,40,9615 Sunset Blvd,San Francisco,CA
John,Moore,38,4010 Sunset Blvd,Miami,FL
Ava,Moore,66,1725 Sunset Blvd,Chicago,IL
Jacob,Smith,13,3532 Elm St,Denver,CO
Ava,Davis,56,4552 Pine Rd,Los Angeles,CA
John,Garcia,71,8158 Sunset Blvd,New York,NY
Jacob,Smith,24,766 Elm St,San Francisco,CA
Ava,Davis,78,1095 Oak Ave,New York,NY
Emma,Johnson,28,3642 Pine Rd,Los Angeles,CA
Mia,Doe,55,8623 Elm St,Austin,TX
Jane,Williams,25,9101 Oak Ave,Austin,TX
Sophia,Moore,79,6627 Sunset Blvd,Denver,CO
Ava,Smith,11,8152 Pine Rd,San Diego,CA
Jane,Smith,67,719 Pine Rd,Denver,CO
John,Doe,76,5548 Oak Ave,San Diego,CA
Liam,Brown,68,1366 Pine Rd,Miami,FL
Jacob,Moore,57,2919 Oak Ave,New York,NY
Emma,Davis,74,9437 Sunset Blvd,Miami,FL
John,Doe,30,9401 Sunset Blvd,Boston,MA
Liam,Davis,46,2032 Elm St,Miami,FL
Ava,Davis,62,7214 Sunset Blvd,New York,NY
Alex,Garcia,47,4289 Pine Rd,Seattle,WA
Alex,Garcia,22,558 Elm St,Denver,CO
Oliver,Miller,80,3760 Sunset Blvd,New York,NY
Liam,Davis,30,24 Elm St,New York,NY
Jane,Johnson,39,7791 Oak Ave,Miami,FL
Mia,Miller,64,1027 Sunset Blvd,Los Angeles,CA
John,Wilson,27,2959 Oak Ave,Miami,FL
Liam,Smith,21,3908 Sunset Blvd,Miami,FL
Jacob,Williams,67,493 Sunset Blvd,Boston,MA
Jacob,Smith,11,9181 Sunset Blvd,San Francisco,CA
Alex,Smith,82,8858 Sunset Blvd,San Diego,CA
Jane,Smith,68,7775 Pine Rd,Miami,FL
Jacob,Johnson,74,1986 Pine Rd,Miami,FL
Sophia,Williams,36,6034 Sunset Blvd,Miami,FL
Jane,Doe,60,7981 Sunset Blvd,Chicago,IL
John,Brown,10,6342 Pine Rd,Austin,TX
Alex,Williams,60,4964 Elm St,New York,NY
Jane,Davis,48,7711 Elm St,Chicago,IL
Oliver,Doe,52,6907 Oak Ave,Miami,FL
Jane,Doe,19,2815 Sunset Blvd,Los Angeles,CA
Sophia,Smith,33,5457 Elm St,New York,NY
Emma,Garcia,82,3922 Pine Rd,New York,NY
Alex,Wilson,16,7286 Pine Rd,Denver,CO
Oliver,Moore,89,3054 Sunset Blvd,New York,NY
Oliver,Wilson,28,6296 Elm St,Boston,MA
John,Doe,78,1431 Oak Ave,Los Angeles,CA
Jane,Garcia,42,8877 Elm St,Austin,TX
Mia,Miller,33,5897 Elm St,New York,NY
Liam,Doe,61,7281 Pine Rd,San Diego,CA
John,Johnson,23,9482 Pine Rd,Boston,MA
Alex,Doe,65,8107 Elm St,Chicago,IL
John,Doe,79,9909 Sunset Blvd,Miami,FL
Emma,Miller,45,7116 Sunset Blvd,Miami,FL
Alex,Moore,69,5180 Sunset Blvd,New York,NY
Sophia,Garcia,54,2927 Pine Rd,Boston,MA
Mia,Smith,78,1740 Oak Ave,Denver,CO
Alex,Garcia,19,2393 Elm St,Denver,CO
Jacob,Moore,26,4221 Oak Ave,Miami,FL
Mia,Miller,89,7840 Oak Ave,Denver,CO
Liam,Doe,48,3825 Pine Rd,Miami,FL
Alex,Williams,25,2599 Elm St,New York,NY
John,Moore,72,1320 Sunset Blvd,San Francisco,CA
Emma,Garcia,77,5723 Elm St,Miami,FL
John,Garcia,86,3331 Elm St,San Diego,CA
Jacob,Moore,50,1118 Sunset Blvd,Los Angeles,CA
Jane,Moore,52,5547 Elm St,Miami,FL
Liam,Garcia,18,5320 Oak Ave,Boston,MA
Sophia,Wilson,36,7943 Oak Ave,Denver,CO
Liam,Davis,34,783 Elm St,Denver,CO
Liam,Brown,56,5178 Pine Rd,Miami,FL
Emma,Miller,56,1404 Elm St,Miami,FL
Alex,Moore,19,9796 Pine Rd,Seattle,WA
Emma,Doe,44,4018 Pine Rd,San Francisco,CA
Mia,Williams,53,6556 Elm St,Boston,MA
Mia,Doe,59,3161 Sunset Blvd,San Francisco,CA
Liam,Garcia,44,8744 Elm St,Austin,TX
John,Miller,17,7122 Oak Ave,Miami,FL
Emma,Williams,41,5399 Elm St,San Diego,CA
Emma,Doe,13,3086 Sunset Blvd,Austin,TX
Jane,Doe,44,7589 Pine Rd,Chicago,IL
Jacob,Smith,47,8026 Oak Ave,Boston,MA
Mia,Wilson,49,7215 Pine Rd,Chicago,IL
Emma,Davis,26,6669 Elm St,San Francisco,CA
Alex,Brown,39,9863 Elm St,San Diego,CA
Mia,Moore,64,3787 Pine Rd,Austin,TX
Emma,Johnson,76,9314 Elm St,Boston,MA
Jane,Miller,32,9698 Oak Ave,Austin,TX
Oliver,Williams,42,6875 Oak Ave,Boston,MA
Liam,Doe,34,5007 Sunset Blvd,Chicago,IL
Ava,Johnson,19,5503 Elm St,New York,NY
John,Williams,55,2615 Oak Ave,Chicago,IL
Mia,Doe,71,5962 Sunset Blvd,Los Angeles,CA
Ava,Miller,80,6684 Oak Ave,Los Angeles,CA
Emma,Brown,36,9772 Pine Rd,San Francisco,CA
Jane,Smith,33,2420 Pine Rd,Boston,MA
John,Johnson,17,7594 Sunset Blvd,Austin,TX
Jacob,Wilson,46,7126 Sunset Blvd,San Francisco,CA
Liam,Miller,51,3914 Sunset Blvd,Miami,FL
Oliver,Johnson,10,7725 Sunset Blvd,Seattle,WA
Liam,Brown,21,9916 Elm St,Seattle,WA
Emma,Brown,47,5465 Sunset Blvd,Denver,CO
Jane,Wilson,86,5151 Sunset Blvd,Los Angeles,CA
Sophia,Doe,21,7334 Elm St,Austin,TX
Liam,Williams,34,7653 Pine Rd,Los Angeles,CA
Jane,Moore,49,119 Pine Rd,Denver,CO
Sophia,Wilson,67,7060 Elm St,San Diego,CA
Jacob,Johnson,48,8993 Elm St,San Francisco,CA
Ava,Miller,33,113 Sunset Blvd,San Francisco,CA
Mia,Wilson,71,6649 Oak Ave,San Diego,CA
Jacob,Doe,57,543 Elm St,New York,NY
Sophia,Davis,21,1784 Oak Ave,San Francisco,CA
Sophia,Williams,42,6530 Pine Rd,Miami,FL
Ava,Miller,19,8981 Oak Ave,New York,NY
Liam,Wilson,71,791 Elm St,Seattle,WA
Ava,Davis,50,7516 Pine Rd,Miami,FL
John,Davis,68,4033 Sunset Blvd,Los Angeles,CA
Alex,Miller,16,5589 Pine Rd,Boston,MA
Emma,Williams,23,198 Pine Rd,San Diego,CA
Jane,Smith,53,8561 Oak Ave,San Diego,CA
Sophia,Brown,72,987 Oak Ave,Denver,CO
Sophia,Johnson,30,924 Sunset Blvd,Miami,FL
Jane,Miller,24,2162 Sunset Blvd,San Francisco,CA
Emma,Garcia,18,4619 Elm St,San Francisco,CA
Oliver,Garcia,51,7592 Oak Ave,New York,NY
Mia,Davis,33,8763 Elm St,New York,NY
Ava,Doe,50,6335 Pine Rd,New York,NY
Oliver,Doe,24,3181 Oak Ave,Boston,MA
Mia,Williams,18,3046 Oak Ave,Miami,FL
Emma,Davis,48,1370 Pine Rd,Chicago,IL
John,Doe,80,8867 Elm St,New York,NY
Jacob,Davis,49,5810 Oak Ave,Boston,MA
Ava,Wilson,83,1756 Sunset Blvd,Chicago,IL
Emma,Smith,85,391 Pine Rd,Boston,MA
Emma,Williams,33,7018 Pine Rd,San Diego,CA
Jacob,Miller,48,2140 Pine Rd,San Francisco,CA
Sophia,Miller,65,9959 Sunset Blvd,San Francisco,CA
Ava,Garcia,55,6278 Pine Rd,San Francisco,CA
Emma,Doe,45,6775 Elm St,Austin,TX
Emma,Smith,19,6017 Oak Ave,Seattle,WA
Ava,Wilson,47,7105 Elm St,Miami,FL
Sophia,Smith,44,642 Sunset Blvd,Chicago,IL
Oliver,Brown,85,3319 Pine Rd,San Francisco,CA
Oliver,Garcia,58,1061 Oak Ave,Denver,CO
Emma,Miller,61,6556 Elm St,San Diego,CA
Liam,Miller,26,7165 Pine Rd,Seattle,WA
Jane,Moore,37,4426 Pine Rd,Seattle,WA
Alex,Garcia,64,840 Sunset Blvd,Chicago,IL
Emma,Wilson,89,6506 Pine Rd,Seattle,WA
Emma,Garcia,67,2225 Sunset Blvd,Miami,FL
Liam,Doe,44,450 Elm St,Los Angeles,CA
Alex,Moore,76,5381 Oak Ave,Miami,FL
Jane,Brown,43,5480 Pine Rd,Denver,CO
Jane,Wilson,86,4107 Elm St,Boston,MA
Alex,Doe,84,1711 Oak Ave,New York,NY
Oliver,Wilson,71,1901 Sunset Blvd,Boston,MA
Sophia,Moore,45,9951 Elm St,San Francisco,CA
Liam,Miller,25,2361 Sunset Blvd,Denver,CO
Jacob,Doe,23,306 Pine Rd,Miami,FL
Mia,Williams,79,9627 Oak Ave,Austin,TX
Mia,Moore,38,8988 Pine Rd,Denver,CO
Jacob,Moore,24,3694 Oak Ave,Austin,TX
Sophia,Brown,10,2127 Elm St,Seattle,WA
Oliver,Johnson,22,7283 Pine Rd,Miami,FL
Oliver,Brown,75,824 Pine Rd,Chicago,IL
Liam,Davis,14,5234 Sunset Blvd,Austin,TX
Alex,Moore,32,196 Sunset Blvd,San Diego,CA
Mia,Garcia,18,5979 Oak Ave,Seattle,WA
John,Smith,88,611 Pine Rd,San Francisco,CA
John,Moore,20,8083 Pine Rd,Seattle,WA
Sophia,Brown,67,7341 Elm St,Boston,MA
John,Davis,45,9511 Oak Ave,Los Angeles,CA
Ava,Davis,44,1858 Elm St,Denver,CO
Mia,Johnson,35,4806 Sunset Blvd,Denver,CO
Ava,Moore,90,1264 Elm St,Miami,FL
Ava,Garcia,67,6057 Oak Ave,Miami,FL
Jacob,Brown,54,5764 Oak Ave,San Diego,CA
John,Davis,61,1856 Oak Ave,Chicago,IL
Liam,Wilson,18,6137 Elm St,Denver,CO
Mia,Johnson,84,5834 Sunset Blvd,Austin,TX
John,Smith,88,4305 Elm St,Miami,FL
Oliver,Moore,10,2474 Sunset Blvd,Boston,MA
John,Williams,64,9828 Oak Ave,Seattle,WA
John,Johnson,46,9320 Elm St,Miami,FL
Emma,Moore,51,8851 Elm St,Denver,CO
Jacob,Johnson,74,1980 Pine Rd,Denver,CO
Oliver,Johnson,20,766 Pine Rd,Los Angeles,CA
Jane,Garcia,41,5749 Elm St,Austin,TX
Sophia,Johnson,21,3687 Oak Ave,Austin,TX
Ava,Smith,31,238 Elm St,San Francisco,CA
Jacob,Doe,25,2764 Sunset Blvd,New York,NY
Jane,Garcia,71,5320 Elm St,Seattle,WA
Liam,Williams,40,1725 Elm St,Seattle,WA
Ava,Davis,31,4566 Pine Rd,Los Angeles,CA
Jacob,Wilson,14,3990 Sunset Blvd,San Francisco,CA
Emma,Wilson,14,8499 Elm St,Seattle,WA
John,Johnson,79,2707 Elm St,Seattle,WA
Oliver,Garcia,38,6288 Elm St,Los Angeles,CA
Alex,Williams,71,9523 Oak Ave,San Francisco,CA
Alex,Moore,45,297 Oak Ave,New York,NY
John,Williams,62,144 Pine Rd,New York,NY
Jacob,Brown,83,3517 Oak Ave,Seattle,WA
Liam,Smith,15,2216 Oak Ave,New York,NY
Ava,Smith,44,8338 Pine Rd,Denver,CO
Jacob,Moore,12,3514 Pine Rd,San Diego,CA
Jacob,Miller,40,1017 Oak Ave,Chicago,IL
Liam,Wilson,40,2366 Elm St,Los Angeles,CA
Sophia,Wilson,15,3977 Elm St,San Francisco,CA
John,Brown,63,6886 Elm St,San Francisco,CA
Oliver,Brown,55,5427 Oak Ave,Austin,TX
John,Davis,45,5721 Oak Ave,Seattle,WA
Jane,Moore,29,8709 Elm St,Denver,CO
Jacob,Doe,40,9487 Sunset Blvd,San Diego,CA
Sophia,Moore,64,8786 Elm St,Chicago,IL
Emma,Moore,48,7026 Pine Rd,Austin,TX
Jane,Williams,83,4881 Pine Rd,Boston,MA
Emma,Johnson,33,490 Oak Ave,Seattle,WA
Liam,Moore,65,5834 Elm St,Miami,FL
Liam,Moore,25,271 Pine Rd,Chicago,IL
Emma,Miller,12,6755 Pine Rd,Denver,CO
Alex,Wilson,55,4557 Oak Ave,Austin,TX
Alex,Wilson,50,7523 Pine Rd,Boston,MA
Oliver,Miller,74,9610 Pine Rd,New York,NY
Ava,Miller,76,8986 Pine Rd,San Diego,CA
Jacob,Brown,69,2162 Oak Ave,Seattle,WA
Jacob,Williams,10,4966 Oak Ave,Seattle,WA
Liam,Johnson,26,6765 Elm St,Seattle,WA
Sophia,Johnson,18,6380 Pine Rd,Austin,TX
Mia,Moore,64,9250 Pine Rd,Denver,CO
Jane,Garcia,45,8268 Sunset Blvd,Boston,MA
Mia,Garcia,33,6884 Sunset Blvd,New York,NY
Jane,Wilson,59,1587 Elm St,Denver,CO
Jane,Garcia,33,2678 Oak Ave,Austin,TX
Mia,Doe,13,5456 Pine Rd,Denver,CO
Jane,Miller,29,7375 Pine Rd,Denver,CO
Liam,Wilson,48,6877 Sunset Blvd,Chicago,IL
Sophia,Doe,49,1683 Sunset Blvd,Chicago,IL
John,Williams,55,2603 Elm St,Los Angeles,CA
Mia,Davis,33,1108 Oak Ave,Los Angeles,CA
Jane,Davis,44,5955 Elm St,Chicago,IL
Liam,Miller,80,1774 Pine Rd,New York,NY
Emma,Johnson,40,2739 Pine Rd,Denver,CO
Mia,Doe,74,4794 Sunset Blvd,Seattle,WA
Jacob,Johnson,85,6026 Oak Ave,San Francisco,CA
Alex,Wilson,86,1802 Pine Rd,Seattle,WA
Ava,Garcia,59,7024 Elm St,Denver,CO
Jane,Johnson,73,2297 Oak Ave,San Diego,CA
Oliver,Miller,48,8825 Oak Ave,Denver,CO
Oliver,Doe,51,4103 Elm St,Los Angeles,CA
John,Garcia,68,3924 Elm St,Seattle,WA
Alex,Doe,19,374 Pine Rd,Denver,CO
Alex,Moore,37,4671 Pine Rd,New York,NY
Liam,Garcia,36,559 Elm St,Los Angeles,CA
Sophia,Brown,42,4384 Pine Rd,Denver,CO
Mia,Johnson,55,3108 Oak Ave,Miami,FL
John,Brown,19,3478 Elm St,Miami,FL
Liam,Doe,72,4248 Elm St,Boston,MA
Ava,Wilson,26,2541 Elm St,Austin,TX
John,Smith,89,2797 Pine Rd,Boston,MA
Jacob,Wilson,23,420 Elm St,Denver,CO
Emma,Davis,38,6800 Sunset Blvd,San Diego,CA
Liam,Smith,64,4277 Elm St,New York,NY
Ava,Davis,26,4479 Elm St,San Diego,CA
John,Wilson,21,8729 Pine Rd,Denver,CO
Liam,Smith,62,4508 Oak Ave,New York,NY
Ava,Garcia,24,8215 Oak Ave,Miami,FL
Jane,Moore,19,8514 Elm St,Miami,FL
John,Davis,12,8155 Elm St,Boston,MA
Mia,Garcia,49,9447 Sunset Blvd,New York,NY
Jacob,Doe,59,5972 Sunset Blvd,San Diego,CA
Alex,Miller,62,2644 Elm St,San Diego,CA
Jacob,Smith,34,821 Oak Ave,Boston,MA
Alex,Davis,31,6980 Sunset Blvd,Los Angeles,CA
Alex,Williams,71,2766 Sunset Blvd,Miami,FL
Mia,Smith,54,7254 Elm St,Austin,TX
Emma,Davis,34,271 Pine Rd,Miami,FL
Jacob,Williams,60,2318 Sunset Blvd,Miami,FL
Jane,Johnson,79,4421 Elm St,Los Angeles,CA
Oliver,Brown,34,7645 Sunset Blvd,Austin,TX
Emma,Williams,85,9331 Oak Ave,Chicago,IL
Liam,Doe,70,4276 Oak Ave,Austin,TX
Sophia,Smith,23,3125 Sunset Blvd,Los Angeles,CA
Oliver,Doe,46,9227 Sunset Blvd,San Francisco,CA
Alex,Williams,38,766 Pine Rd,Chicago,IL
Jacob,Doe,75,1318 Pine Rd,San Diego,CA
Emma,Doe,18,954 Oak Ave,Chicago,IL
Jane,Doe,71,2267 Pine Rd,Los Angeles,CA
Jacob,Doe,42,8222 Elm St,San Diego,CA
Emma,Davis,10,9055 Pine Rd,Seattle,WA
Liam,Wilson,32,798 Elm St,Chicago,IL
Sophia,Smith,58,1420 Pine Rd,Miami,FL
Jacob,Williams,86,7308 Pine Rd,Boston,MA
Ava,Brown,16,5696 Oak Ave,San Diego,CA
Ava,Smith,19,3549 Oak Ave,San Francisco,CA
Mia,Doe,49,9175 Pine Rd,Chicago,IL
Jacob,Garcia,82,6427 Oak Ave,Boston,MA
Sophia,Wilson,42,5912 Pine Rd,Austin,TX
Sophia,Doe,64,823 Pine Rd,Miami,FL
Oliver,Smith,51,2254 Elm St,Chicago,IL
Mia,Miller,23,2842 Pine Rd,San Diego,CA
Jane,Doe,87,8411 Sunset Blvd,San Francisco,CA
Ava,Doe,45,7253 Elm St,Austin,TX
Sophia,Miller,58,6007 Oak Ave,Los Angeles,CA
Oliver,Smith,77,4870 Oak Ave,New York,NY
Alex,Garcia,63,7172 Pine Rd,Seattle,WA
Jacob,Wilson,59,5234 Elm St,New York,NY
Mia,Davis,24,9830 Sunset Blvd,New York,NY
Mia,Garcia,36,6840 Pine Rd,Miami,FL
Alex,Garcia,83,9325 Sunset Blvd,Denver,CO
Mia,Brown,37,6633 Oak Ave,San Francisco,CA
Emma,Smith,55,6705 Elm St,New York,NY
Jacob,Smith,13,6125 Oak Ave,Los Angeles,CA
Ava,Garcia,88,1392 Sunset Blvd,Austin,TX
Oliver,Davis,24,3034 Sunset Blvd,Denver,CO
Mia,Moore,78,1776 Elm St,Boston,MA
John,Moore,29,7478 Sunset Blvd,San Francisco,CA
Mia,Wilson,85,5325 Pine Rd,Chicago,IL
Alex,Moore,53,9971 Oak Ave,San Diego,CA
Alex,Johnson,41,5404 Sunset Blvd,Austin,TX
Jane,Moore,33,8953 Oak Ave,San Francisco,CA
Jacob,Doe,40,649 Oak Ave,Seattle,WA
Sophia,Williams,80,1752 Sunset Blvd,Chicago,IL
Liam,Miller,17,7593 Elm St,Denver,CO
Mia,Miller,10,720 Oak Ave,Boston,MA
Jacob,Doe,62,2570 Pine Rd,Boston,MA
Emma,Davis,21,9872 Sunset Blvd,Miami,FL
Jacob,Smith,74,6269 Pine Rd,New York,NY
Sophia,Johnson,30,6674 Sunset Blvd,San Diego,CA
Ava,Wilson,10,6815 Oak Ave,Seattle,WA
Alex,Doe,68,2256 Sunset Blvd,Los Angeles,CA
Oliver,Johnson,31,9464 Pine Rd,Chicago,IL
Oliver,Smith,67,8157 Pine Rd,Boston,MA
Ava,Davis,37,3608 Pine Rd,San Francisco,CA
Ava,Johnson,62,9228 Elm St,Boston,MA
Liam,Moore,27,5459 Sunset Blvd,Seattle,WA
Sophia,Smith,32,7772 Pine Rd,Seattle,WA
Oliver,Davis,75,5847 Elm St,Los Angeles,CA
Oliver,Davis,68,2967 Pine Rd,Miami,FL
John,Johnson,51,7202 Elm St,San Francisco,CA
Emma,Garcia,76,6078 Sunset Blvd,Miami,FL
Oliver,Davis,11,4423 Oak Ave,Chicago,IL
Alex,Davis,24,3781 Elm St,New York,NY
Oliver,Garcia,46,5875 Pine Rd,Denver,CO
Mia,Doe,56,7795 Pine Rd,San Diego,CA
John,Brown,65,8269 Sunset Blvd,Miami,FL
Liam,Wilson,49,9146 Oak Ave,Denver,CO
Mia,Moore,20,6830 Elm St,San Diego,CA
John,Johnson,28,6190 Elm St,San Francisco,CA
Sophia,Davis,85,6015 Elm St,Chicago,IL
Sophia,Smith,62,8629 Sunset Blvd,New York,NY
Jane,Smith,66,9608 Sunset Blvd,Boston,MA
Ava,Smith,17,3933 Sunset Blvd,San Diego,CA
Emma,Wilson,63,2163 Sunset Blvd,Chicago,IL
Ava,Davis,25,6091 Elm St,Chicago,IL
Jacob,Brown,28,6108 Oak Ave,Los Angeles,CA
Mia,Davis,15,4646 Pine Rd,New York,NY
Alex,Williams,65,9377 Pine Rd,Miami,FL
Sophia,Smith,18,841 Pine Rd,Seattle,WA
Emma,Johnson,68,271 Oak Ave,Denver,CO
Alex,Brown,58,6180 Pine Rd,Boston,MA
Jacob,Brown,72,9584 Sunset Blvd,San Diego,CA
Mia,Doe,62,4378 Oak Ave,Miami,FL
Mia,Brown,84,7289 Pine Rd,San Diego,CA
Liam,Brown,35,3086 Pine Rd,Seattle,WA
Jacob,Williams,24,8548 Elm St,Boston,MA
John,Johnson,41,5811 Oak Ave,Seattle,WA
Liam,Moore,68,824 Oak Ave,New York,NY
Alex,Doe,90,4644 Elm St,Seattle,WA
Jacob,Brown,29,1296 Oak Ave,San Diego,CA
Jane,Moore,37,8827 Pine Rd,Seattle,WA
Liam,Miller,70,2845 Elm St,New York,NY
Oliver,Brown,89,8141 Sunset Blvd,Denver,CO
Alex,Garcia,79,5851 Pine Rd,New York,NY
Ava,Miller,25,8812 Elm St,Austin,TX
Alex,Williams,28,8271 Oak Ave,New York,NY
Sophia,Wilson,45,3528 Elm St,Boston,MA
John,Williams,16,8011 Oak Ave,Seattle,WA
Ava,Garcia,18,2656 Oak Ave,Chicago,IL
Emma,Moore,51,8608 Elm St,Chicago,IL
Oliver,Smith,41,7008 Elm St,Miami,FL
Liam,Wilson,47,5891 Elm St,Boston,MA
John,Miller,24,1313 Oak Ave,New York,NY
Liam,Wilson,76,399 Elm St,Miami,FL
Alex,Miller,24,8541 Pine Rd,Miami,FL
Emma,Williams,16,1090 Oak Ave,San Francisco,CA
Jane,Miller,63,4888 Elm St,Los Angeles,CA
Alex,Garcia,39,819 Elm St,Boston,MA
Jane,Moore,50,9033 Elm St,Chicago,IL
Jane,Doe,41,8242 Elm St,Seattle,WA
Alex,Smith,66,4830 Elm St,Seattle,WA
Emma,Moore,47,9248 Elm St,Denver,CO
Emma,Brown,61,9179 Pine Rd,New York,NY
Jacob,Moore,15,492 Elm St,Miami,FL
Liam,Williams,67,3301 Elm St,Boston,MA
Jane,Davis,20,328 Pine Rd,Denver,CO
Sophia,Brown,46,8891 Oak Ave,Boston,MA
Oliver,Johnson,87,6767 Oak Ave,Austin,TX
Jacob,Moore,10,3232 Pine Rd,Chicago,IL
Mia,Johnson,46,4659 Oak Ave,Boston,MA
Sophia,Garcia,79,1463 Elm St,Los Angeles,CA
Ava,Johnson,23,4286 Oak Ave,Austin,TX
Alex,Williams,57,1190 Oak Ave,San Francisco,CA
Oliver,Miller,63,956 Elm St,San Francisco,CA
Jacob,Garcia,28,6047 Pine Rd,Seattle,WA
Oliver,Johnson,21,6577 Oak Ave,San Francisco,CA
Mia,Miller,49,9260 Pine Rd,Austin,TX
Ava,Doe,29,2255 Pine Rd,Seattle,WA
Sophia,Johnson,73,3219 Elm St,Seattle,WA
Oliver,Brown,18,7504 Elm St,Austin,TX
Mia,Wilson,45,6862 Elm St,Austin,TX
Jane,Wilson,78,3026 Pine Rd,Chicago,IL
Jacob,Smith,53,102 Pine Rd,San Diego,CA
Ava,Miller,30,6956 Elm St,New York,NY
Oliver,Miller,47,5639 Elm St,Denver,CO
Emma,Garcia,46,2725 Elm St,Seattle,WA
Alex,Johnson,30,1831 Oak Ave,San Francisco,CA
Oliver,Brown,46,2572 Pine Rd,New York,NY
Sophia,Garcia,28,4371 Oak Ave,Denver,CO
Ava,Smith,54,1280 Oak Ave,Boston,MA
Alex,Miller,17,3609 Sunset Blvd,Denver,CO
Oliver,Doe,50,6688 Pine Rd,Boston,MA
Jacob,Moore,87,7266 Pine Rd,Miami,FL
Mia,Brown,36,6009 Elm St,New York,NY
John,Moore,77,5554 Pine Rd,Seattle,WA
Sophia,Davis,71,2003 Pine Rd,San Diego,CA
Alex,Wilson,23,4675 Pine Rd,New York,NY
Liam,Johnson,35,5283 Sunset Blvd,Miami,FL
Oliver,Wilson,58,6118 Sunset Blvd,Boston,MA
Sophia,Doe,47,6516 Sunset Blvd,Seattle,WA
Alex,Johnson,51,4163 Pine Rd,Chicago,IL
Emma,Davis,49,3304 Elm St,Boston,MA
Sophia,Williams,55,2039 Pine Rd,Seattle,WA
Jacob,Miller,57,3760 Sunset Blvd,Austin,TX
Sophia,Smith,48,3719 Oak Ave,San Diego,CA
Emma,Brown,29,2526 Sunset Blvd,Austin,TX
Mia,Davis,30,995 Elm St,Denver,CO
Oliver,Davis,46,4015 Elm St,New York,NY
Sophia,Moore,57,6224 Pine Rd,Austin,TX
Liam,Smith,37,176 Oak Ave,New York,NY
Oliver,Williams,77,8377 Oak Ave,Seattle,WA
Oliver,Miller,79,4738 Pine Rd,Miami,FL
John,Doe,16,8896 Pine Rd,San Francisco,CA
Sophia,Garcia,37,8934 Oak Ave,Chicago,IL
Emma,Moore,48,8004 Elm St,Denver,CO
Sophia,Brown,50,1967 Elm St,Chicago,IL
John,Doe,14,1919 Pine Rd,Denver,CO
Alex,Johnson,84,6945 Oak Ave,Miami,FL
John,Williams,69,4402 Elm St,Los Angeles,CA
Emma,Miller,14,5898 Sunset Blvd,New York,NY
