name.firstName,name.lastName,age,address.line1,address.line2,address.city,address.state,gender,email,phoneNumber
Rajesh,Joshi,70,"House 12, Colony",Main Road,Mumbai,Maharashtra,female,rajesh.joshi@example.com,9661294514
Pooja,Prasad,39,"House 266, Street",Near Park,Jaipur,Rajasthan,male,pooja.prasad@example.com,9955991782
Sumit,Prasad,35,"House 914, Street",Main Road,Jaipur,Rajasthan,male,sumit.prasad@example.com,9710071061
Pooja,Gupta,38,"House 532, Colony",Main Road,Mumbai,Maharashtra,male,pooja.gupta@example.com,9211866474
Priya,Prasad,46,"House 447, Avenue",Near Park,Mumbai,Maharashtra,female,priya.prasad@example.com,9770102824
Rohit,Gupta,64,"House 115, Avenue",Next to School,Delhi,Delhi,male,rohit.gupta@example.com,9013124129
Neha,Prasad,45,"House 790, Colony",Next to School,Ahmedabad,Gujarat,female,neha.prasad@example.com,9370352296
Ankit,Sharma,37,"House 776, Society",Next to School,Chennai,Tamil Nadu,male,ankit.sharma@example.com,9649940693
Priya,Sharma,51,"House 28, Society",Near Park,Bangalore,Karnataka,male,priya.sharma@example.com,9475445359
Ankit,Mehta,63,"House 337, Street",Opposite Mall,Kolkata,West Bengal,male,ankit.mehta@example.com,9142487023
Priya,Rao,64,"House 371, Avenue",Opposite Mall,Lucknow,Uttar Pradesh,female,priya.rao@example.com,9201718823
Sonal,Mehta,28,"House 669, Society",Near Park,Ahmedabad,Gujarat,female,sonal.mehta@example.com,9727986860
Rohit,Mehta,48,"House 870, Avenue",Opposite Mall,Bangalore,Karnataka,male,rohit.mehta@example.com,9935682892
Pooja,Prasad,55,"House 601, Colony",Opposite Mall,Bangalore,Karnataka,female,pooja.prasad@example.com,9669015428
Amit,Gupta,68,"House 601, Avenue",Near Park,Mumbai,Maharashtra,female,amit.gupta@example.com,9832651403
Pooja,Das,47,"House 491, Avenue",Downtown,Delhi,Delhi,female,pooja.das@example.com,9967371920
Ankit,Kumar,67,"House 721, Society",Next to School,Hyderabad,Telangana,female,ankit.kumar@example.com,9247751600
Rohit,Joshi,53,"House 495, Avenue",Downtown,Bangalore,Karnataka,female,rohit.joshi@example.com,9836871856
Sonal,Prasad,62,"House 963, Colony",Next to School,Mumbai,Maharashtra,male,sonal.prasad@example.com,9099534623
Pooja,Sharma,70,"House 212, Colony",Next to School,Bangalore,Karnataka,male,pooja.sharma@example.com,9149538602
Neha,Kumar,24,"House 538, Street",Opposite Mall,Bangalore,Karnataka,female,neha.kumar@example.com,9169569452
Amit,Joshi,26,"House 128, Street",Next to School,Delhi,Delhi,female,amit.joshi@example.com,9823552009
Priya,Singh,34,"House 650, Colony",Near Park,Lucknow,Uttar Pradesh,female,priya.singh@example.com,9010449385
Rohit,Singh,18,"House 667, Society",Opposite Mall,Delhi,Delhi,female,rohit.singh@example.com,9245709285
Priya,Joshi,29,"House 796, Avenue",Near Park,Delhi,Delhi,female,priya.joshi@example.com,9902224785
Pooja,Rao,43,"House 290, Society",Next to School,Kolkata,West Bengal,male,pooja.rao@example.com,9382085245
Priya,Das,43,"House 296, Colony",Downtown,Lucknow,Uttar Pradesh,female,priya.das@example.com,9018165827
Priya,Joshi,28,"House 101, Street",Next to School,Ahmedabad,Gujarat,female,priya.joshi@example.com,9046872529
Ankit,Mehta,47,"House 242, Street",Downtown,Mumbai,Maharashtra,female,ankit.mehta@example.com,9699285125
Sumit,Mehta,59,"House 166, Street",Opposite Mall,Lucknow,Uttar Pradesh,female,sumit.mehta@example.com,9049346727
Neha,Das,37,"House 42, Avenue",Downtown,Lucknow,Uttar Pradesh,female,neha.das@example.com,9796295816
Ankit,Sharma,25,"House 434, Colony",Near Park,Chennai,Tamil Nadu,female,ankit.sharma@example.com,9781767214
Sumit,Mehta,50,"House 91, Colony",Main Road,Mumbai,Maharashtra,male,sumit.mehta@example.com,9669677680
Rajesh,Sharma,29,"House 255, Street",Downtown,Chennai,Tamil Nadu,female,rajesh.sharma@example.com,9819694204
Vikas,Kumar,53,"House 528, Society",Near Park,Hyderabad,Telangana,male,vikas.kumar@example.com,9475464011
Rohit,Mehta,21,"House 932, Colony",Downtown,Jaipur,Rajasthan,male,rohit.mehta@example.com,9716334203
Vikas,Kumar,36,"House 985, Society",Main Road,Hyderabad,Telangana,male,vikas.kumar@example.com,9185304484
Neha,Kumar,25,"House 909, Society",Main Road,Ahmedabad,Gujarat,female,neha.kumar@example.com,9997515361
Pooja,Kumar,26,"House 230, Street",Near Park,Ahmedabad,Gujarat,male,pooja.kumar@example.com,9762145185
Sumit,Sharma,18,"House 981, Street",Downtown,Ahmedabad,Gujarat,female,sumit.sharma@example.com,9708587951
Neha,Singh,21,"House 448, Colony",Near Park,Mumbai,Maharashtra,female,neha.singh@example.com,9358020725
Rohit,Singh,51,"House 683, Society",Downtown,Chennai,Tamil Nadu,male,rohit.singh@example.com,9700332724
Vikas,Sharma,27,"House 944, Avenue",Opposite Mall,Lucknow,Uttar Pradesh,male,vikas.sharma@example.com,9359109882
Vikas,Gupta,39,"House 34, Avenue",Next to School,Delhi,Delhi,male,vikas.gupta@example.com,9148183381
Neha,Das,18,"House 787, Street",Near Park,Delhi,Delhi,male,neha.das@example.com,9120909439
Vikas,Verma,28,"House 46, Street",Downtown,Kolkata,West Bengal,female,vikas.verma@example.com,9791976971
Ankit,Kumar,47,"House 307, Avenue",Downtown,Pune,Maharashtra,female,ankit.kumar@example.com,9639277111
Sumit,Sharma,23,"House 301, Society",Opposite Mall,Chennai,Tamil Nadu,male,sumit.sharma@example.com,9470448608
Sonal,Gupta,22,"House 372, Street",Opposite Mall,Pune,Maharashtra,male,sonal.gupta@example.com,9967378903
Amit,Prasad,37,"House 139, Society",Next to School,Bangalore,Karnataka,female,amit.prasad@example.com,9438591677
Amit,Sharma,68,"House 268, Colony",Opposite Mall,Kolkata,West Bengal,male,amit.sharma@example.com,9108892996
Sonal,Verma,50,"House 763, Colony",Downtown,Pune,Maharashtra,male,sonal.verma@example.com,9833430134
Neha,Singh,60,"House 298, Society",Next to School,Jaipur,Rajasthan,male,neha.singh@example.com,9435398723
Sonal,Mehta,21,"House 461, Society",Near Park,Hyderabad,Telangana,male,sonal.mehta@example.com,9604323379
Pooja,Kumar,20,"House 777, Street",Opposite Mall,Pune,Maharashtra,female,pooja.kumar@example.com,9619298780
Pooja,Mehta,32,"House 156, Avenue",Opposite Mall,Hyderabad,Telangana,male,pooja.mehta@example.com,9432050295
Amit,Das,20,"House 532, Street",Opposite Mall,Kolkata,West Bengal,female,amit.das@example.com,9099200151
Rajesh,Das,33,"House 735, Society",Opposite Mall,Jaipur,Rajasthan,male,rajesh.das@example.com,9991649738
Pooja,Prasad,39,"House 145, Street",Opposite Mall,Jaipur,Rajasthan,female,pooja.prasad@example.com,9441182127
Priya,Rao,31,"House 967, Society",Downtown,Bangalore,Karnataka,male,priya.rao@example.com,9474190370
Rohit,Gupta,27,"House 471, Avenue",Downtown,Lucknow,Uttar Pradesh,female,rohit.gupta@example.com,9780506826
Pooja,Kumar,66,"House 732, Street",Opposite Mall,Chennai,Tamil Nadu,female,pooja.kumar@example.com,9789714326
Rohit,Joshi,56,"House 426, Avenue",Next to School,Bangalore,Karnataka,male,rohit.joshi@example.com,9421312739
Vikas,Singh,69,"House 284, Colony",Next to School,Jaipur,Rajasthan,male,vikas.singh@example.com,9386167098
Neha,Joshi,64,"House 998, Street",Next to School,Mumbai,Maharashtra,male,neha.joshi@example.com,9630687530
Vikas,Prasad,62,"House 802, Society",Main Road,Jaipur,Rajasthan,male,vikas.prasad@example.com,9307149942
Sonal,Das,63,"House 152, Colony",Downtown,Bangalore,Karnataka,male,sonal.das@example.com,9140391918
Rajesh,Rao,68,"House 623, Colony",Main Road,Jaipur,Rajasthan,male,rajesh.rao@example.com,9929094397
Sonal,Singh,26,"House 754, Avenue",Main Road,Lucknow,Uttar Pradesh,male,sonal.singh@example.com,9269209061
Priya,Singh,18,"House 716, Avenue",Near Park,Chennai,Tamil Nadu,male,priya.singh@example.com,9857269100
Vikas,Prasad,33,"House 566, Street",Opposite Mall,Lucknow,Uttar Pradesh,female,vikas.prasad@example.com,9588536405
Rajesh,Verma,47,"House 998, Avenue",Next to School,Mumbai,Maharashtra,female,rajesh.verma@example.com,9048643004
Pooja,Joshi,21,"House 510, Colony",Opposite Mall,Pune,Maharashtra,female,pooja.joshi@example.com,9215925237
Rajesh,Joshi,66,"House 49, Colony",Next to School,Bangalore,Karnataka,female,rajesh.joshi@example.com,9050998413
Priya,Prasad,41,"House 995, Avenue",Near Park,Jaipur,Rajasthan,male,priya.prasad@example.com,9801336199
Sonal,Prasad,41,"House 519, Avenue",Downtown,Pune,Maharashtra,male,sonal.prasad@example.com,9285447717
Rajesh,Rao,45,"House 340, Avenue",Downtown,Ahmedabad,Gujarat,male,rajesh.rao@example.com,9190346070
Pooja,Gupta,22,"House 820, Colony",Near Park,Delhi,Delhi,female,pooja.gupta@example.com,9179591103
Rohit,Rao,34,"House 186, Avenue",Main Road,Ahmedabad,Gujarat,male,rohit.rao@example.com,9797606250
Rajesh,Das,23,"House 429, Colony",Main Road,Kolkata,West Bengal,male,rajesh.das@example.com,9313668725
Pooja,Mehta,27,"House 922, Street",Near Park,Jaipur,Rajasthan,female,pooja.mehta@example.com,9513028033
Rohit,Gupta,48,"House 398, Colony",Main Road,Bangalore,Karnataka,female,rohit.gupta@example.com,9867471482
Amit,Sharma,35,"House 643, Colony",Main Road,Hyderabad,Telangana,male,amit.sharma@example.com,9495488387
Sumit,Joshi,25,"House 329, Society",Next to School,Kolkata,West Bengal,male,sumit.joshi@example.com,9109885238
Rajesh,Rao,53,"House 832, Avenue",Next to School,Bangalore,Karnataka,male,rajesh.rao@example.com,9298065375
Ankit,Rao,38,"House 88, Street",Downtown,Delhi,Delhi,female,ankit.rao@example.com,9314129772
Vikas,Kumar,48,"House 478, Colony",Downtown,Ahmedabad,Gujarat,female,vikas.kumar@example.com,9715807009
Rajesh,Gupta,47,"House 629, Avenue",Opposite Mall,Jaipur,Rajasthan,male,rajesh.gupta@example.com,9322152159
Ankit,Prasad,25,"House 703, Society",Downtown,Lucknow,Uttar Pradesh,male,ankit.prasad@example.com,9783733041
Priya,Mehta,54,"House 217, Society",Main Road,Pune,Maharashtra,male,priya.mehta@example.com,9647646726
Rohit,Kumar,64,"House 330, Avenue",Next to School,Mumbai,Maharashtra,female,rohit.kumar@example.com,9810471915
Rajesh,Prasad,55,"House 917, Street",Next to School,Pune,Maharashtra,female,rajesh.prasad@example.com,9181609849
Pooja,Sharma,59,"House 166, Street",Main Road,Jaipur,Rajasthan,female,pooja.sharma@example.com,9194634397
Pooja,Joshi,37,"House 127, Society",Main Road,Chennai,Tamil Nadu,male,pooja.joshi@example.com,9747068108
Sumit,Prasad,49,"House 869, Colony",Opposite Mall,Ahmedabad,Gujarat,female,sumit.prasad@example.com,9993661607
Rohit,Verma,19,"House 318, Street",Next to School,Delhi,Delhi,male,rohit.verma@example.com,9624670672
Rajesh,Singh,33,"House 403, Avenue",Near Park,Hyderabad,Telangana,male,rajesh.singh@example.com,9239963600
Neha,Gupta,20,"House 295, Street",Next to School,Jaipur,Rajasthan,female,neha.gupta@example.com,9174894705
Ankit,Joshi,29,"House 713, Street",Next to School,Ahmedabad,Gujarat,male,ankit.joshi@example.com,9787505489
Ankit,Mehta,63,"House 369, Avenue",Downtown,Ahmedabad,Gujarat,male,ankit.mehta@example.com,9623917554
